Feedback,Sentiment,Category
The teachers were very helpful.,positive,Teaching
The lectures were too lengthy.,negative,Teaching
The teaching method was average.,neutral,Teaching
The syllabus is well designed.,positive,Course Content
The course is outdated.,negative,Course Content
The course covered important topics.,positive,Course Content
The exam questions were fair.,positive,Examination
The exam was too difficult.,negative,Examination
The exam pattern was okay.,neutral,Examination
The lab equipment was modern.,positive,Lab Work
The lab experiments were disorganized.,negative,Lab Work
The lab sessions were just okay.,neutral,Lab Work
The library has a great collection.,positive,Library Facilities
The library seating is very limited.,negative,Library Facilities
The library timings are fine.,neutral,Library Facilities
The sports events were exciting.,positive,Extracurricular Activities
The college offers few extra activities.,negative,Extracurricular Activities
The cultural events were okay.,neutral,Extracurricular Activities
Our professor is absolutely brilliant and makes every class engaging and memorable.,positive,Teaching
The faculty demonstrates deep subject knowledge and answers all questions with patience.,positive,Teaching
I love how the teacher uses real-world examples to explain complex theoretical concepts.,positive,Teaching
The instructor is very approachable and always willing to help students outside class hours.,positive,Teaching
The teaching style is interactive with lots of group discussions and hands-on activities.,positive,Teaching
Our teacher motivates us to think critically and challenges us to explore beyond textbooks.,positive,Teaching
The professor provides excellent feedback on assignments and helps improve our understanding.,positive,Teaching
The faculty uses innovative teaching methods including videos presentations and case studies.,positive,Teaching
The teacher is passionate about the subject and that enthusiasm is contagious to students.,positive,Teaching
The instructor maintains perfect balance between being friendly and maintaining academic discipline.,positive,Teaching
The professor is well-prepared for every lecture and covers topics systematically.,positive,Teaching
The faculty encourages student participation and creates a comfortable learning environment.,positive,Teaching
The teacher is boring and just reads directly from the textbook without any explanation.,negative,Teaching
Our professor is always late to class and often cancels lectures without prior notice.,negative,Teaching
The faculty doesn't seem interested in teaching and appears unprepared for most classes.,negative,Teaching
The instructor speaks too fast and doesn't check if students are following the concepts.,negative,Teaching
The teacher is rude to students and dismisses questions as if they are stupid.,negative,Teaching
Our professor uses outdated teaching methods that don't engage modern students effectively.,negative,Teaching
The faculty is biased and shows favoritism towards certain students in class.,negative,Teaching
The instructor doesn't provide clear explanations and gets irritated when asked to repeat.,negative,Teaching
The teacher assigns too much homework without considering other subjects and student workload.,negative,Teaching
Our professor doesn't relate the subject to practical applications making it seem irrelevant.,negative,Teaching
The faculty lacks communication skills and fails to convey concepts clearly to students.,negative,Teaching
The instructor is often absent and doesn't make arrangements for substitute classes.,negative,Teaching
The teaching quality is acceptable but could be more engaging and student-centered.,neutral,Teaching
Our professor knows the subject well but the delivery method could be improved.,neutral,Teaching
The faculty covers the syllabus adequately though some topics could use more detailed explanation.,neutral,Teaching
The instructor is knowledgeable but doesn't encourage much student interaction during lectures.,neutral,Teaching
The teaching pace is moderate and most students can follow along without major difficulties.,neutral,Teaching
Our professor provides standard lectures that fulfill basic requirements but lack innovation.,neutral,Teaching
The faculty is professional but the classes sometimes feel monotonous and repetitive.,neutral,Teaching
The instructor explains concepts clearly but could include more practical examples and applications.,neutral,Teaching
The teaching method is traditional but effective for covering the prescribed curriculum.,neutral,Teaching
Our professor is helpful when approached individually but doesn't engage much during class time.,neutral,Teaching
The faculty maintains discipline in class but the teaching style could be more dynamic.,neutral,Teaching
The instructor covers all topics from the syllabus but presentation could be more interesting.,neutral,Teaching
The curriculum is exceptionally well-designed covering all essential topics comprehensively.,positive,Course Content
The course content is highly relevant to current industry trends and job market requirements.,positive,Course Content
I appreciate how the syllabus balances theoretical knowledge with practical applications perfectly.,positive,Course Content
The course materials are excellent and include latest research findings and case studies.,positive,Course Content
The curriculum encourages interdisciplinary learning and broadens our perspective significantly.,positive,Course Content
The course structure is logical with topics building upon each other in a systematic manner.,positive,Course Content
The syllabus includes hands-on projects that enhance our understanding and practical skills.,positive,Course Content
The course content is challenging yet achievable promoting intellectual growth and development.,positive,Course Content
The curriculum incorporates emerging technologies keeping us updated with latest developments.,positive,Course Content
The course design allows flexibility for students to explore areas of personal interest.,positive,Course Content
The syllabus is comprehensive covering both fundamental concepts and advanced topics thoroughly.,positive,Course Content
The course content promotes critical thinking and analytical skills essential for our field.,positive,Course Content
The curriculum is completely outdated and doesn't reflect current industry standards at all.,negative,Course Content
The course content is too theoretical with no practical applications or real-world connections.,negative,Course Content
The syllabus is poorly organized with topics jumping around without any logical sequence.,negative,Course Content
The course materials are boring and fail to capture student interest or engagement.,negative,Course Content
The curriculum is overloaded with too much content making it impossible to cover everything properly.,negative,Course Content
The course design is rigid with no room for student input or customization options.,negative,Course Content
The syllabus lacks depth in important areas while spending too much time on irrelevant topics.,negative,Course Content
The course content doesn't prepare students for actual job requirements in the industry.,negative,Course Content
The curriculum is repetitive with same concepts being taught across multiple subjects unnecessarily.,negative,Course Content
The course materials are difficult to understand without proper guidance from instructors.,negative,Course Content
The syllabus doesn't include any recent developments or innovations in our field of study.,negative,Course Content
The course design fails to integrate different subjects creating isolated learning experiences.,negative,Course Content
The course content is standard and covers most topics adequately for undergraduate level.,neutral,Course Content
The curriculum follows traditional academic patterns which are familiar but not particularly innovative.,neutral,Course Content
The syllabus includes necessary topics though some areas could benefit from more detailed coverage.,neutral,Course Content
The course materials are acceptable but could include more current examples and case studies.,neutral,Course Content
The curriculum structure is reasonable though the progression between topics could be smoother.,neutral,Course Content
The course content meets basic educational requirements but lacks elements that make learning exciting.,neutral,Course Content
The syllabus covers fundamental concepts well but practical applications could be better integrated.,neutral,Course Content
The course design is conventional and serves its purpose though it could benefit from modernization.,neutral,Course Content
The curriculum addresses most learning objectives but student feedback could improve course planning.,neutral,Course Content
The course content is appropriate for the academic level but some topics seem less relevant.,neutral,Course Content
The syllabus organization is decent but could benefit from better sequencing of topics.,neutral,Course Content
The course materials provide adequate information but presentation format could be more engaging.,neutral,Course Content
The examination system is excellent with fair evaluation and transparent grading criteria.,positive,Examination
The question papers are well-crafted testing both conceptual understanding and practical application.,positive,Examination
I appreciate the diverse assessment methods including projects presentations and written exams.,positive,Examination
The exam schedule provides adequate time for preparation with reasonable gaps between papers.,positive,Examination
The evaluation process is consistent and unbiased giving equal opportunities to all students.,positive,Examination
The practical exams are well-organized with proper arrangements and sufficient time allocation.,positive,Examination
The grading system is transparent and students receive detailed feedback on their performance.,positive,Examination
The exam questions encourage critical thinking rather than just memorization of facts.,positive,Examination
The assessment includes continuous evaluation reducing pressure of final examinations significantly.,positive,Examination
The examination process is efficient with timely declaration of results and grade sheets.,positive,Examination
The question papers maintain appropriate difficulty level matching the course content and objectives.,positive,Examination
The evaluation criteria are clearly communicated helping students understand expectations beforehand.,positive,Examination
The exams are unnecessarily difficult and don't align with what was actually taught in class.,negative,Examination
The question papers include topics that were never covered in lectures or assigned readings.,negative,Examination
The evaluation process seems biased with inconsistent grading across different sections and batches.,negative,Examination
The exam scheduling is terrible with multiple papers clustered together leaving no preparation time.,negative,Examination
The practical exams are poorly organized with insufficient equipment and chaotic arrangements.,negative,Examination
The grading criteria are unclear and marks seem to be awarded arbitrarily without proper justification.,negative,Examination
The examination system relies too heavily on memorization rather than testing actual understanding.,negative,Examination
The question papers are poorly designed with ambiguous wording leading to confusion among students.,negative,Examination
The evaluation feedback is minimal and doesn't help students identify areas for improvement.,negative,Examination
The exam conditions are stressful with strict invigilation that makes students nervous and uncomfortable.,negative,Examination
The practical exam time allocation is insufficient making it impossible to complete all required tasks.,negative,Examination
The grading system is inconsistent with different standards being applied to different students.,negative,Examination
The examination system is standard and follows conventional academic assessment patterns effectively.,neutral,Examination
The question papers are reasonable though they could include more application-based problems occasionally.,neutral,Examination
The evaluation process is fair but feedback could be more detailed and constructive for students.,neutral,Examination
The exam schedule is manageable with adequate spacing though some papers could be better distributed.,neutral,Examination
The practical exams are conducted properly but facilities and equipment could be improved.,neutral,Examination
The grading system is transparent but could benefit from more continuous assessment components.,neutral,Examination
The examination format is traditional but serves the purpose of evaluating student knowledge adequately.,neutral,Examination
The question papers test required knowledge though they could be more innovative in approach sometimes.,neutral,Examination
The evaluation criteria are clear but could include more diverse forms of assessment methods.,neutral,Examination
The exam arrangements are decent but some logistical aspects could be better organized.,neutral,Examination
The grading process is consistent but turnaround time for results could be improved significantly.,neutral,Examination
The examination system meets academic standards but could incorporate more modern assessment techniques.,neutral,Examination
The laboratory facilities are outstanding with state-of-the-art equipment and modern technology.,positive,Lab Work
The lab sessions are exceptionally well-organized with clear objectives and systematic procedures.,positive,Lab Work
The lab technicians are knowledgeable helpful and always available to assist students when needed.,positive,Lab Work
The practical experiments perfectly complement theoretical learning and enhance our understanding significantly.,positive,Lab Work
The laboratory environment promotes hands-on learning and encourages students to explore and experiment.,positive,Lab Work
The lab equipment is regularly maintained and updated ensuring optimal learning conditions for students.,positive,Lab Work
The practical work is challenging and helps develop important technical skills required in industry.,positive,Lab Work
The laboratory safety measures are excellent with proper protocols and equipment always available.,positive,Lab Work
The lab sessions provide adequate time for students to complete experiments and understand procedures thoroughly.,positive,Lab Work
The practical assignments are well-designed and directly related to course content and learning objectives.,positive,Lab Work
The laboratory facilities include modern software and simulation tools enhancing the learning experience.,positive,Lab Work
The lab work is closely supervised with individual attention given to each student's progress.,positive,Lab Work
The laboratory equipment is outdated and frequently breaks down disrupting practical learning sessions.,negative,Lab Work
The lab sessions are poorly managed with no clear instructions or objectives provided to students.,negative,Lab Work
The lab technicians are unhelpful and often unavailable when students need assistance with equipment.,negative,Lab Work
The practical work doesn't relate to theoretical concepts making it seem disconnected and irrelevant.,negative,Lab Work
The laboratory facilities are inadequate for the number of students resulting in overcrowded sessions.,negative,Lab Work
The lab equipment is insufficient forcing students to share and reducing individual hands-on experience.,negative,Lab Work
The practical experiments are rushed with insufficient time to properly understand procedures and results.,negative,Lab Work
The laboratory safety protocols are ignored putting students at risk during experimental procedures.,negative,Lab Work
The lab sessions lack proper supervision leaving students confused and unable to complete experiments.,negative,Lab Work
The practical work is monotonous and doesn't challenge students or enhance their technical skills.,negative,Lab Work
The laboratory conditions are poor with inadequate lighting ventilation and workspace for students.,negative,Lab Work
The lab equipment calibration is poor leading to inaccurate results and frustrated learning experiences.,negative,Lab Work
The laboratory facilities are adequate and serve basic practical learning requirements of students.,neutral,Lab Work
The lab sessions are structured but could benefit from clearer objectives and better time management.,neutral,Lab Work
The lab technicians are available but could be more proactive in helping students with technical issues.,neutral,Lab Work
The practical experiments are relevant but could be more challenging and engaging for students.,neutral,Lab Work
The laboratory equipment functions properly but some instruments need regular maintenance and updates.,neutral,Lab Work
The lab facilities accommodate students adequately though some improvements in space would be beneficial.,neutral,Lab Work
The practical work complements theory reasonably well but integration could be strengthened further.,neutral,Lab Work
The laboratory safety measures are in place but awareness and training could be enhanced.,neutral,Lab Work
The lab sessions provide learning opportunities but could include more innovative experiments and procedures.,neutral,Lab Work
The practical assignments are appropriate but could better reflect real-world applications and challenges.,neutral,Lab Work
The laboratory environment is acceptable but could be more conducive to collaborative learning experiences.,neutral,Lab Work
The lab work meets curriculum requirements but could incorporate more modern techniques and technologies.,neutral,Lab Work
The library has an exceptional collection of books journals and digital resources for research.,positive,Library Facilities
The reading environment is perfect with quiet study areas and comfortable seating arrangements throughout.,positive,Library Facilities
The library staff is extremely knowledgeable helpful and always ready to assist with research queries.,positive,Library Facilities
The digital database access is excellent with subscriptions to major academic journals and publications.,positive,Library Facilities
The library operates with convenient hours that accommodate different student schedules and preferences.,positive,Library Facilities
The study spaces are well-designed with individual desks group areas and computer workstations available.,positive,Library Facilities
The library provides excellent research support including reference services and citation guidance.,positive,Library Facilities
The facility includes modern amenities like printing photocopying and scanning services for students.,positive,Library Facilities
The library maintains an updated collection that reflects current academic needs and curriculum requirements.,positive,Library Facilities
The online catalog system is user-friendly making it easy to locate and reserve required materials.,positive,Library Facilities
The library offers specialized collections and archives that support advanced research and thesis work.,positive,Library Facilities
The facility provides training sessions on database usage and research methodology for students.,positive,Library Facilities
The library collection is severely limited and lacks current publications and reference materials needed.,negative,Library Facilities
The reading areas are overcrowded making it extremely difficult to find available seating for study.,negative,Library Facilities
The library staff is unhelpful and doesn't provide adequate assistance with locating resources or research.,negative,Library Facilities
The digital resources are outdated with many broken links and inaccessible databases and journals.,negative,Library Facilities
The library closes too early and doesn't provide adequate hours for serious academic work.,negative,Library Facilities
The study environment is noisy and disruptive making concentration and focused reading nearly impossible.,negative,Library Facilities
The library facilities lack basic amenities like proper lighting air conditioning and comfortable furniture.,negative,Library Facilities
The book collection is old and doesn't include recent publications or current editions of textbooks.,negative,Library Facilities
The library doesn't provide sufficient computer access for students needing digital resources and internet.,negative,Library Facilities
The facility lacks proper organization making it difficult to locate books and materials efficiently.,negative,Library Facilities
The library security is poor with materials frequently missing and no proper checkout system.,negative,Library Facilities
The printing and photocopying services are expensive and often out of order when needed.,negative,Library Facilities
The library has a decent collection that meets most basic academic and research needs of students.,neutral,Library Facilities
The reading facilities are adequate though seating could be more comfortable for extended study sessions.,neutral,Library Facilities
The library staff is polite and helpful but could be more knowledgeable about specialized resources.,neutral,Library Facilities
The digital resources are available but the search interface could be more intuitive and user-friendly.,neutral,Library Facilities
The library hours are reasonable but weekend and holiday access could be extended for student convenience.,neutral,Library Facilities
The study environment is generally quiet but noise levels can vary depending on time and location.,neutral,Library Facilities
The library collection covers basic requirements but could expand in specialized and interdisciplinary areas.,neutral,Library Facilities
The facility provides necessary services but could benefit from modernization and technology upgrades.,neutral,Library Facilities
The library organization is acceptable but signage and navigation could be improved for better accessibility.,neutral,Library Facilities
The research support is available but could be more comprehensive and proactive in assisting students.,neutral,Library Facilities
The library maintains adequate standards but could enhance services to better serve diverse student needs.,neutral,Library Facilities
The facility meets institutional requirements but could incorporate more innovative features and services.,neutral,Library Facilities
The college organizes absolutely fantastic cultural events that showcase incredible student talent and creativity.,positive,Extracurricular Activities
The sports facilities are outstanding with well-maintained grounds equipment and excellent coaching staff available.,positive,Extracurricular Activities
The student clubs provide amazing opportunities for leadership development and skill enhancement activities.,positive,Extracurricular Activities
The annual festival is spectacular bringing together students from various colleges and creating memorable experiences.,positive,Extracurricular Activities
The college enthusiastically encourages participation in competitions and provides comprehensive support for students.,positive,Extracurricular Activities
The extracurricular activities significantly contribute to overall personality development and character building of students.,positive,Extracurricular Activities
The drama and theater society produces excellent performances that entertain and educate the college community.,positive,Extracurricular Activities
The music and dance programs are exceptional with professional training and regular performance opportunities.,positive,Extracurricular Activities
The debate and literary societies provide excellent platforms for intellectual discourse and public speaking skills.,positive,Extracurricular Activities
The college supports student entrepreneurship with incubation programs and startup development initiatives actively.,positive,Extracurricular Activities
The community service programs engage students in meaningful social work and develop civic responsibility.,positive,Extracurricular Activities
The technical clubs organize workshops and competitions that enhance practical skills and industry knowledge.,positive,Extracurricular Activities
The college rarely organizes events and student life feels extremely boring and monotonous throughout the year.,negative,Extracurricular Activities
The sports facilities are in terrible condition with broken equipment and poorly maintained grounds everywhere.,negative,Extracurricular Activities
The student organizations are completely inactive and don't engage students in any meaningful activities whatsoever.,negative,Extracurricular Activities
The cultural events are poorly organized with inadequate planning resources and unprofessional execution consistently.,negative,Extracurricular Activities
The college doesn't support students who want to participate in external competitions and contests.,negative,Extracurricular Activities
The extracurricular opportunities are extremely limited and don't cater to diverse student interests and talents.,negative,Extracurricular Activities
The student clubs lack proper guidance and resources making their activities ineffective and unproductive.,negative,Extracurricular Activities
The college administration doesn't prioritize extracurricular activities and provides minimal funding and support.,negative,Extracurricular Activities
The event management is chaotic with poor coordination and communication leading to frequent cancellations.,negative,Extracurricular Activities
The facilities for cultural activities are inadequate with outdated equipment and insufficient space for events.,negative,Extracurricular Activities
The participation in extracurricular activities is discouraged by heavy academic workload and time constraints.,negative,Extracurricular Activities
The college doesn't promote student talent and creativity through appropriate platforms and recognition programs.,negative,Extracurricular Activities
The college organizes regular events that are decent but could be more diverse and engaging for students.,neutral,Extracurricular Activities
The sports facilities are available and functional but could benefit from better equipment and maintenance.,neutral,Extracurricular Activities
The student clubs exist and are moderately active but participation levels could be significantly higher.,neutral,Extracurricular Activities
The cultural programs are acceptable and provide some entertainment but could showcase more variety in activities.,neutral,Extracurricular Activities
The college supports competitions but the selection process could be more transparent and merit-based.,neutral,Extracurricular Activities
The extracurricular activities are present but better integration with academic curriculum would be beneficial.,neutral,Extracurricular Activities
The student organizations function adequately but could use more administrative support and resource allocation.,neutral,Extracurricular Activities
The college events are well-attended but could benefit from more student input in planning and execution.,neutral,Extracurricular Activities
The facilities for activities are adequate but some upgrades and improvements would enhance student experience.,neutral,Extracurricular Activities
The extracurricular calendar is reasonable but could be better distributed throughout the academic year.,neutral,Extracurricular Activities
The college encourages participation but could provide more recognition and incentives for student achievements.,neutral,Extracurricular Activities
The variety of activities is acceptable but could expand to include more contemporary and innovative programs.,neutral,Extracurricular Activities
The college campus is absolutely beautiful and provides an incredibly inspiring and motivating learning environment.,positive,General
The administrative staff is exceptionally efficient professional and always ready to help with any student queries.,positive,General
The college has excellent industry connections providing outstanding internship and placement opportunities for students.,positive,General
The placement cell works tirelessly and successfully ensures excellent career opportunities for graduating students.,positive,General
The college infrastructure is modern well-equipped and provides all necessary facilities for effective learning.,positive,General
The hostel accommodation is comfortable clean and provides all necessary amenities for student welfare.,positive,General
The college fee structure is very reasonable and affordable considering the high quality education provided.,positive,General
The campus WiFi is fast reliable and accessible throughout all areas of the college premises.,positive,General
The cafeteria serves delicious nutritious and affordable food with excellent variety and quality standards.,positive,General
The college transport facility is convenient reliable and covers all major areas of the city effectively.,positive,General
The security arrangements are excellent ensuring complete safety of students staff and campus property.,positive,General
The college maintains high standards of cleanliness and hygiene throughout all areas of the campus.,positive,General
The college administration is completely inefficient and never responds appropriately to legitimate student concerns and complaints.,negative,General
The campus infrastructure is old deteriorating and desperately needs major repairs and comprehensive upgrades throughout.,negative,General
The placement assistance is extremely poor with very few reputable companies visiting for recruitment purposes.,negative,General
The hostel facilities are absolutely terrible with poor hygiene inadequate amenities and substandard living conditions.,negative,General
The college fees are unreasonably high compared to the mediocre quality of education and facilities provided.,negative,General
The campus WiFi is extremely slow unreliable and frequently disconnects during important academic work and research.,negative,General
The cafeteria food quality is poor overpriced and offers very limited healthy and nutritious options for students.,negative,General
The college transport is completely unreliable with frequent breakdowns delays and poor maintenance of vehicles.,negative,General
The administrative processes are unnecessarily complicated with excessive paperwork and frustrating delays in everything.,negative,General
The college doesn't provide adequate career guidance counseling services or professional development support for students.,negative,General
The campus maintenance is poor with broken facilities unclean areas and general neglect of infrastructure.,negative,General
The college provides standard facilities and services that adequately meet most basic institutional and student requirements.,neutral,General
The administrative staff is generally polite and helpful but processes could be more streamlined and efficient.,neutral,General
The campus infrastructure is adequate and functional but some areas definitely need maintenance and minor improvements.,neutral,General
The placement record is average with reasonable opportunities but room for improvement in company diversity and quality.,neutral,General
The hostel accommodation is decent and livable but could offer better recreational facilities and common areas.,neutral,General
The fee structure is competitive with other institutions but transparency in fee breakdown could be improved.,neutral,General
The campus WiFi works adequately in most areas but connectivity issues persist in some remote locations.,neutral,General
The cafeteria offers acceptable food options with reasonable prices but menu variety could be increased significantly.,neutral,General
The college transport service is available and functional but frequency and reliability could be improved.,neutral,General
The career counseling services exist and are accessible but could be more proactive and comprehensive in approach.,neutral,General
The college reputation is decent in the academic community but could benefit from more industry recognition.,neutral,General
The overall college experience meets expectations but there's definitely room for improvement in various areas.,neutral,General